Hydra	B01	2
Hydra	B01	2
Hydra	B01	2
HydraShort	B01	2
HydraShort	B01	2
HydraShort	B01	2
HydraStatic	B01	2
HydraStatic	B01	2
HydraStatic	B01	2
w3af	B01	5
w3af	B01	6
w3af	B01	6
AppScan	B01	69
AppScan	B01	69
AppScan	B01	69
HydraShort	B02	2
HydraShort	B02	2
HydraShort	B02	2
w3af	B02	5
w3af	B02	6
w3af	B02	6
HydraShort	B03	2
HydraShort	B03	2
HydraShort	B03	2
Hydra	B03	20
Hydra	B03	26
Hydra	B03	29
w3af	B03	5
w3af	B03	6
w3af	B03	7
AppScan	B03	75
AppScan	B03	75
AppScan	B03	75
HydraShort	B04	2
HydraShort	B04	2
HydraShort	B04	2
Hydra	B04	25
HydraStatic	B04	3
Hydra	B04	31
Hydra	B04	34
HydraStatic	B04	4
HydraStatic	B04	4
w3af	B04	5
w3af	B04	6
AppScan	B04	69
AppScan	B04	69
AppScan	B04	69
w3af	B04	7
Hydra	B05	1
Hydra	B05	1
Hydra	B05	1
HydraStatic	B05	1
HydraStatic	B05	1
HydraStatic	B05	1
AppScan	B05	190
AppScan	B05	190
AppScan	B05	211
w3af	B05	5
w3af	B05	7
w3af	B05	9
Hydra	B06	1
Hydra	B06	1
Hydra	B06	1
HydraStatic	B06	1
HydraStatic	B06	1
HydraStatic	B06	1
w3af	B06	15
w3af	B06	16
w3af	B06	16
AppScan	B06	76
AppScan	B06	76
AppScan	B06	76
Hydra	B07	1
Hydra	B07	1
Hydra	B07	1
HydraStatic	B07	1
HydraStatic	B07	1
HydraStatic	B07	1
w3af	B07	15
w3af	B07	16
w3af	B07	17
AppScan	B07	76
AppScan	B07	76
AppScan	B07	76
Hydra	B08	1
Hydra	B08	1
Hydra	B08	1
HydraStatic	B08	1
HydraStatic	B08	1
HydraStatic	B08	1
w3af	B08	15
w3af	B08	16
w3af	B08	17
Hydra	B09	132
w3af	B09	15
w3af	B09	16
Hydra	B09	163
w3af	B09	17
Hydra	B09	191
AppScan	B09	88
AppScan	B09	88
AppScan	B09	88
Hydra	B10	1
Hydra	B10	1
Hydra	B10	1
HydraStatic	B10	1
HydraStatic	B10	1
HydraStatic	B10	1
w3af	B10	15
w3af	B10	18
w3af	B10	18
AppScan	B10	81
AppScan	B10	81
AppScan	B10	81
Hydra	B11	1
Hydra	B11	1
Hydra	B11	1
HydraStatic	B11	1
HydraStatic	B11	1
HydraStatic	B11	1
w3af	B11	15
w3af	B11	16
w3af	B11	17
AppScan	B11	81
AppScan	B11	81
AppScan	B11	81
Hydra	B12	1
Hydra	B12	1
Hydra	B12	1
HydraStatic	B12	1
HydraStatic	B12	1
HydraStatic	B12	1
w3af	B12	15
w3af	B12	18
w3af	B12	18
AppScan	B12	81
AppScan	B12	81
AppScan	B12	81
Hydra	B13	1
Hydra	B13	1
Hydra	B13	1
HydraStatic	B13	1
HydraStatic	B13	1
HydraStatic	B13	1
w3af	B13	15
w3af	B13	16
w3af	B13	17
AppScan	B13	81
AppScan	B13	81
AppScan	B13	81
Hydra	B14	1
Hydra	B14	1
Hydra	B14	1
HydraStatic	B14	1
HydraStatic	B14	1
HydraStatic	B14	1
w3af	B14	15
w3af	B14	16
w3af	B14	16
Hydra	B15	1
Hydra	B15	1
Hydra	B15	1
HydraStatic	B15	1
HydraStatic	B15	1
HydraStatic	B15	1
w3af	B15	15
w3af	B15	16
w3af	B15	16
Hydra	B16	1
Hydra	B16	1
Hydra	B16	1
HydraStatic	B16	1
HydraStatic	B16	1
HydraStatic	B16	1
w3af	B16	15
w3af	B16	16
w3af	B16	16
HydraShort	B16	2
HydraShort	B16	2
HydraShort	B16	2
AppScan	B16	204
AppScan	B16	204
AppScan	B16	204
Hydra	B17	1
Hydra	B17	1
Hydra	B17	1
HydraStatic	B17	1
HydraStatic	B17	1
HydraStatic	B17	1
AppScan	B17	143
AppScan	B17	144
AppScan	B17	144
w3af	B17	15
w3af	B17	16
w3af	B17	17
Hydra	B18	1
Hydra	B18	1
Hydra	B18	1
HydraStatic	B18	1
HydraStatic	B18	1
HydraStatic	B18	1
AppScan	B18	143
AppScan	B18	143
AppScan	B18	143
w3af	B18	15
w3af	B18	16
w3af	B18	16
Hydra	B19	1
Hydra	B19	1
Hydra	B19	1
HydraStatic	B19	1
HydraStatic	B19	1
HydraStatic	B19	1
AppScan	B19	142
AppScan	B19	143
AppScan	B19	144
w3af	B19	15
w3af	B19	16
w3af	B19	17
Hydra	B20	1
Hydra	B20	1
Hydra	B20	1
HydraStatic	B20	1
HydraStatic	B20	1
HydraStatic	B20	1
w3af	B20	15
w3af	B20	16
AppScan	B20	166
AppScan	B20	167
AppScan	B20	167
w3af	B20	17
Hydra	B21	1
Hydra	B21	1
Hydra	B21	1
HydraStatic	B21	1
HydraStatic	B21	1
HydraStatic	B21	1
w3af	B21	15
w3af	B21	16
w3af	B21	17
Hydra	B22	1
Hydra	B22	1
Hydra	B22	1
HydraStatic	B22	1
HydraStatic	B22	1
HydraStatic	B22	1
w3af	B22	15
w3af	B22	16
w3af	B22	16
AppScan	B22	81
AppScan	B22	81
AppScan	B22	81
Hydra	B23	1
Hydra	B23	1
Hydra	B23	1
HydraStatic	B23	1
HydraStatic	B23	1
HydraStatic	B23	1
w3af	B23	15
w3af	B23	16
w3af	B23	17
AppScan	B23	81
AppScan	B23	81
AppScan	B23	81
Hydra	B24	1
Hydra	B24	1
Hydra	B24	1
HydraStatic	B24	1
HydraStatic	B24	1
HydraStatic	B24	1
w3af	B24	15
w3af	B24	16
w3af	B24	17
AppScan	B24	81
AppScan	B24	81
AppScan	B24	81
Hydra	B25	1
Hydra	B25	1
Hydra	B25	1
HydraStatic	B25	1
HydraStatic	B25	1
HydraStatic	B25	1
w3af	B25	15
w3af	B25	16
w3af	B25	17
Hydra	B26	1
Hydra	B26	1
Hydra	B26	1
HydraStatic	B26	1
HydraStatic	B26	1
HydraStatic	B26	1
w3af	B26	15
w3af	B26	16
w3af	B26	17
Hydra	B27	1
Hydra	B27	1
Hydra	B27	1
HydraStatic	B27	1
HydraStatic	B27	1
HydraStatic	B27	1
w3af	B27	15
w3af	B27	16
w3af	B27	17
Hydra	B28	1
Hydra	B28	1
Hydra	B28	1
HydraStatic	B28	1
HydraStatic	B28	1
HydraStatic	B28	1
w3af	B28	15
w3af	B28	16
w3af	B28	17
HydraShort	B28	2
HydraShort	B28	2
HydraShort	B28	2
Hydra	B29	1
Hydra	B29	1
Hydra	B29	1
HydraStatic	B29	1
HydraStatic	B29	1
HydraStatic	B29	1
w3af	B29	15
w3af	B29	16
w3af	B29	17
AppScan	B30	108
AppScan	B30	108
AppScan	B30	108
HydraShort	B30	2
HydraShort	B30	2
HydraShort	B30	2
HydraStatic	B30	2
HydraStatic	B30	2
HydraStatic	B30	2
Hydra	B30	4
Hydra	B30	5
Hydra	B30	6
w3af	B30	6
w3af	B30	7
w3af	B30	8
w3af	B31	5
w3af	B31	6
w3af	B31	7
HydraShort	B32	2
HydraShort	B32	2
HydraShort	B32	2
w3af	B32	5
w3af	B32	6
w3af	B32	7
AppScan	B32	71
AppScan	B32	71
AppScan	B32	71
AppScan	E01	113
AppScan	E01	136
HydraShort	E01	2
HydraShort	E01	2
HydraShort	E01	2
HydraStatic	E01	2
HydraStatic	E01	2
HydraStatic	E01	2
Hydra	E01	221
Hydra	E01	264
Hydra	E01	280
w3af	E01	5
w3af	E01	7
AppScan	E01	84
w3af	E01	9
w3af	E03	16
w3af	E03	16
w3af	E03	19
AppScan	E03	75
AppScan	E03	75
AppScan	E03	75
Hydra	E05	1
Hydra	E05	1
Hydra	E05	1
HydraStatic	E05	1
HydraStatic	E05	1
HydraStatic	E05	1
Hydra	E06	1
Hydra	E06	1
Hydra	E06	1
HydraStatic	E06	1
HydraStatic	E06	1
HydraStatic	E06	1
Hydra	E07	1
Hydra	E07	1
Hydra	E07	1
HydraStatic	E07	1
HydraStatic	E07	1
HydraStatic	E07	1
Hydra	E08	1
Hydra	E08	1
Hydra	E08	1
HydraStatic	E08	1
HydraStatic	E08	1
HydraStatic	E08	1
w3af	E08	15
w3af	E08	18
w3af	E08	18
Hydra	E09	1
Hydra	E09	1
Hydra	E09	1
HydraStatic	E09	1
HydraStatic	E09	1
HydraStatic	E09	1
w3af	E09	15
w3af	E09	18
w3af	E09	18
Hydra	E10	1
Hydra	E10	1
Hydra	E10	1
HydraStatic	E10	1
HydraStatic	E10	1
HydraStatic	E10	1
w3af	E10	15
w3af	E10	17
w3af	E10	19
Hydra	E11	1
Hydra	E11	1
Hydra	E11	1
HydraStatic	E11	1
HydraStatic	E11	1
HydraStatic	E11	1
w3af	E11	15
w3af	E11	18
w3af	E11	18
w3af	F11	15
w3af	F11	15
w3af	F11	15
w3af	F13	15
w3af	F13	15
w3af	F13	15
w3af	F15	15
w3af	F15	15
w3af	F15	15
w3af	F17	15
w3af	F17	15
w3af	F17	15
Hydra	F19	1
Hydra	F19	1
Hydra	F19	1
HydraStatic	F19	1
HydraStatic	F19	1
HydraStatic	F19	1
w3af	F19	56
w3af	F19	56
w3af	F19	56
Hydra	F20	1
Hydra	F20	1
Hydra	F20	1
HydraStatic	F20	1
HydraStatic	F20	1
HydraStatic	F20	1
Hydra	F21	1
Hydra	F21	1
Hydra	F21	1
HydraStatic	F21	1
HydraStatic	F21	1
HydraStatic	F21	1
w3af	F21	26
w3af	F21	26
w3af	F21	26
Hydra	F22	1
Hydra	F22	1
Hydra	F22	1
HydraStatic	F22	1
HydraStatic	F22	1
HydraStatic	F22	1
Hydra	F23	1
Hydra	F23	1
Hydra	F23	1
HydraStatic	F23	1
HydraStatic	F23	1
HydraStatic	F23	1
w3af	F23	15
w3af	F23	15
w3af	F23	15
Hydra	F24	1
Hydra	F24	1
Hydra	F24	1
HydraStatic	F24	1
HydraStatic	F24	1
HydraStatic	F24	1
Hydra	F25	1
Hydra	F25	1
Hydra	F25	1
HydraStatic	F25	1
HydraStatic	F25	1
HydraStatic	F25	1
w3af	F25	15
w3af	F25	15
w3af	F25	15
Hydra	F26	1
Hydra	F26	1
Hydra	F26	1
HydraStatic	F26	1
HydraStatic	F26	1
HydraStatic	F26	1
Hydra	F27	1
Hydra	F27	1
Hydra	F27	1
HydraStatic	F27	1
HydraStatic	F27	1
HydraStatic	F27	1
w3af	F27	15
w3af	F27	15
w3af	F27	15
HydraShort	F27	2
HydraShort	F27	2
HydraShort	F27	2
Hydra	F28	1
Hydra	F28	1
Hydra	F28	1
HydraStatic	F28	1
HydraStatic	F28	1
HydraStatic	F28	1
Hydra	F29	1
Hydra	F29	1
Hydra	F29	1
HydraStatic	F29	1
HydraStatic	F29	1
HydraStatic	F29	1
w3af	F29	15
w3af	F29	15
w3af	F29	15
HydraShort	F29	2
HydraShort	F29	2
HydraShort	F29	2
Hydra	F30	1
Hydra	F30	1
Hydra	F30	1
HydraStatic	F30	1
HydraStatic	F30	1
HydraStatic	F30	1
Hydra	F31	1
Hydra	F31	1
Hydra	F31	1
HydraStatic	F31	1
HydraStatic	F31	1
HydraStatic	F31	1
w3af	F31	15
w3af	F31	15
w3af	F31	15
HydraShort	F31	2
HydraShort	F31	2
HydraShort	F31	2
Hydra	F32	1
Hydra	F32	1
Hydra	F32	1
HydraStatic	F32	1
HydraStatic	F32	1
HydraStatic	F32	1
Hydra	F33	1
Hydra	F33	1
Hydra	F33	1
HydraStatic	F33	1
HydraStatic	F33	1
HydraStatic	F33	1
w3af	F33	15
w3af	F33	15
w3af	F33	15
HydraShort	F33	2
HydraShort	F33	2
HydraShort	F33	2
Hydra	F34	1
Hydra	F34	1
Hydra	F34	1
HydraStatic	F34	1
HydraStatic	F34	1
HydraStatic	F34	1
Hydra	F35	1
Hydra	F35	1
Hydra	F35	1
HydraStatic	F35	1
HydraStatic	F35	1
HydraStatic	F35	1
w3af	F35	15
w3af	F35	15
w3af	F35	15
HydraShort	F35	2
HydraShort	F35	2
HydraShort	F35	2
Hydra	F36	1
Hydra	F36	1
Hydra	F36	1
HydraStatic	F36	1
HydraStatic	F36	1
HydraStatic	F36	1
Hydra	F37	1
Hydra	F37	1
Hydra	F37	1
HydraStatic	F37	1
HydraStatic	F37	1
HydraStatic	F37	1
w3af	F37	15
w3af	F37	15
w3af	F37	15
Hydra	F38	1
Hydra	F38	1
Hydra	F38	1
HydraStatic	F38	1
HydraStatic	F38	1
HydraStatic	F38	1
w3af	F41	15
w3af	F41	15
w3af	F41	15
Hydra	F43	1
Hydra	F43	1
Hydra	F43	1
HydraStatic	F43	1
HydraStatic	F43	1
HydraStatic	F43	1
w3af	F43	15
w3af	F43	15
w3af	F43	15
HydraShort	F43	2
HydraShort	F43	2
HydraShort	F43	2
AppScan	F43	87
AppScan	F43	87
AppScan	F43	87
Hydra	F44	1
Hydra	F44	1
Hydra	F44	1
HydraStatic	F44	1
HydraStatic	F44	1
HydraStatic	F44	1
w3af	F44	15
w3af	F44	15
w3af	F44	15
HydraShort	F44	2
HydraShort	F44	2
HydraShort	F44	2
AppScan	F44	87
AppScan	F44	87
AppScan	F44	87
Hydra	F45	1
Hydra	F45	1
Hydra	F45	1
HydraStatic	F45	1
HydraStatic	F45	1
HydraStatic	F45	1
w3af	F45	15
w3af	F45	15
w3af	F45	15
HydraShort	F45	2
HydraShort	F45	2
HydraShort	F45	2
AppScan	F45	87
AppScan	F45	87
AppScan	F45	87
AppScan	F46	180
AppScan	F46	180
AppScan	F46	180
HydraShort	F46	2
HydraShort	F46	2
HydraShort	F46	2
Hydra	F46	3
Hydra	F46	3
Hydra	F46	3
HydraStatic	F46	3
HydraStatic	F46	3
HydraStatic	F46	3
w3af	F46	35
w3af	F46	35
w3af	F46	36
Hydra	F47	2
Hydra	F47	2
Hydra	F47	2
HydraShort	F47	2
HydraShort	F47	2
HydraShort	F47	2
HydraStatic	F47	3
HydraStatic	F47	3
HydraStatic	F47	4
w3af	F47	5
w3af	F47	5
w3af	F47	5
AppScan	F47	69
AppScan	F47	69
AppScan	F47	69
HydraShort	F48	2
HydraShort	F48	2
HydraShort	F48	2
w3af	F48	4
w3af	F48	5
w3af	F48	5
AppScan	F48	69
AppScan	F48	69
AppScan	F48	69
HydraShort	F49	2
HydraShort	F49	2
HydraShort	F49	2
Hydra	F49	20
HydraStatic	F49	3
Hydra	F49	30
HydraStatic	F49	4
HydraStatic	F49	4
w3af	F49	4
w3af	F49	5
w3af	F49	5
AppScan	F49	69
AppScan	F49	69
AppScan	F49	69
HydraShort	F50	2
HydraShort	F50	2
HydraShort	F50	2
HydraStatic	F50	2
HydraStatic	F50	2
HydraStatic	F50	2
Hydra	F50	3
w3af	F50	4
w3af	F50	4
w3af	F50	4
Hydra	F50	418
AppScan	F50	75
AppScan	F50	75
AppScan	F50	75
HydraShort	F51	2
HydraShort	F51	2
HydraShort	F51	2
w3af	F51	4
w3af	F51	4
w3af	F51	4
Hydra	F51	5
Hydra	F51	7
AppScan	F51	75
AppScan	F51	75
AppScan	F51	75
HydraShort	F52	2
HydraShort	F52	2
HydraShort	F52	2
Hydra	F52	20
Hydra	F52	5
w3af	F52	5
w3af	F52	5
w3af	F52	5
AppScan	F52	75
AppScan	F52	75
AppScan	F52	75
HydraShort	F53	2
HydraShort	F53	2
HydraShort	F53	2
Hydra	F53	22
w3af	F53	4
w3af	F53	4
w3af	F53	4
AppScan	F53	75
AppScan	F53	75
AppScan	F53	75
Hydra	F53	8
Hydra	F54	15
HydraShort	F54	2
HydraShort	F54	2
HydraShort	F54	2
w3af	F54	4
w3af	F54	4
w3af	F54	5
Hydra	F54	8
Hydra	F55	2
Hydra	F55	2
Hydra	F55	2
HydraShort	F55	2
HydraShort	F55	2
HydraShort	F55	2
HydraStatic	F55	2
HydraStatic	F55	2
HydraStatic	F55	2
w3af	F55	5
w3af	F55	5
w3af	F55	5
Hydra	F56	2
Hydra	F56	2
Hydra	F56	2
HydraShort	F56	2
HydraShort	F56	2
HydraShort	F56	2
HydraStatic	F56	2
HydraStatic	F56	2
HydraStatic	F56	2
w3af	F56	5
w3af	F56	5
w3af	F56	5
Hydra	F57	2
Hydra	F57	2
Hydra	F57	2
HydraShort	F57	2
HydraShort	F57	2
HydraShort	F57	2
HydraStatic	F57	2
HydraStatic	F57	2
HydraStatic	F57	2
w3af	F57	5
w3af	F57	5
w3af	F57	5
Hydra	F58	2
Hydra	F58	2
Hydra	F58	2
HydraShort	F58	2
HydraShort	F58	2
HydraShort	F58	2
HydraStatic	F58	2
HydraStatic	F58	2
HydraStatic	F58	2
Hydra	F59	2
Hydra	F59	2
Hydra	F59	2
HydraShort	F59	2
HydraShort	F59	2
HydraShort	F59	2
HydraStatic	F59	2
HydraStatic	F59	2
HydraStatic	F59	3
w3af	F60	4
w3af	F60	4
w3af	F60	5
AppScan	F60	69
AppScan	F60	69
AppScan	F60	69
AppScan	F61	124
AppScan	F61	124
AppScan	F61	124
w3af	F61	5
w3af	F61	5
w3af	F61	5
HydraShort	F62	2
HydraShort	F62	2
HydraShort	F62	2
w3af	F62	8
w3af	F62	8
w3af	F62	9
w3af	F63	4
w3af	F63	5
w3af	F63	5
w3af	F64	5
w3af	F64	5
w3af	F64	5
Hydra	F65	10
Hydra	F65	4
w3af	F65	5
w3af	F65	5
w3af	F65	5
Hydra	F66	1
Hydra	F66	1
Hydra	F66	1
HydraStatic	F66	1
HydraStatic	F66	1
HydraStatic	F66	1
w3af	F66	13
w3af	F66	14
w3af	F66	15
HydraShort	F66	2
HydraShort	F66	2
HydraShort	F66	2
Hydra	F67	1
Hydra	F67	1
Hydra	F67	1
HydraStatic	F67	1
HydraStatic	F67	1
HydraStatic	F67	1
HydraShort	F67	2
HydraShort	F67	2
HydraShort	F67	2
w3af	F67	4
w3af	F67	5
w3af	F67	5
Hydra	F68	1
Hydra	F68	1
Hydra	F68	1
HydraStatic	F68	1
HydraStatic	F68	1
HydraStatic	F68	1
HydraShort	F68	2
HydraShort	F68	2
HydraShort	F68	2
w3af	F68	4
w3af	F68	4
w3af	F68	5
w3af	F69	15
w3af	F69	15
w3af	F69	15
AppScan	F69	75
AppScan	F69	75
AppScan	F69	75
w3af	F70	15
w3af	F70	15
w3af	F70	15
AppScan	F70	75
AppScan	F70	75
AppScan	F70	75
w3af	F71	15
w3af	F71	15
w3af	F71	15
AppScan	F71	75
AppScan	F71	75
AppScan	F71	75
Hydra	F72	1
Hydra	F72	1
Hydra	F72	1
HydraStatic	F72	1
HydraStatic	F72	1
HydraStatic	F72	1
HydraShort	F72	2
HydraShort	F72	2
HydraShort	F72	2
w3af	F72	4
w3af	F72	4
w3af	F72	5
AppScan	F72	85
AppScan	F72	85
AppScan	F72	85
Hydra	F73	1
Hydra	F73	1
Hydra	F73	1
HydraStatic	F73	1
HydraStatic	F73	1
HydraStatic	F73	1
HydraShort	F73	2
HydraShort	F73	2
HydraShort	F73	2
w3af	F73	5
w3af	F73	5
w3af	F73	5
AppScan	F73	85
AppScan	F73	85
AppScan	F73	85
Hydra	F74	1
Hydra	F74	1
Hydra	F74	1
HydraStatic	F74	1
HydraStatic	F74	1
HydraStatic	F74	1
HydraShort	F74	2
HydraShort	F74	2
HydraShort	F74	2
w3af	F74	5
w3af	F74	5
w3af	F74	5
AppScan	F74	85
AppScan	F74	85
AppScan	F74	85
Hydra	F75	1
Hydra	F75	1
Hydra	F75	1
HydraStatic	F75	1
HydraStatic	F75	1
HydraStatic	F75	1
HydraShort	F75	2
HydraShort	F75	2
HydraShort	F75	2
w3af	F75	4
w3af	F75	4
w3af	F75	4
AppScan	F75	85
AppScan	F75	85
AppScan	F75	85
Hydra	F76	1
Hydra	F76	1
Hydra	F76	1
HydraStatic	F76	1
HydraStatic	F76	1
HydraStatic	F76	1
HydraShort	F76	2
HydraShort	F76	2
HydraShort	F76	2
w3af	F76	4
w3af	F76	4
w3af	F76	4
AppScan	F76	85
AppScan	F76	85
AppScan	F76	85
Hydra	F77	1
Hydra	F77	1
Hydra	F77	1
HydraStatic	F77	1
HydraStatic	F77	1
HydraStatic	F77	1
HydraShort	F77	2
HydraShort	F77	2
HydraShort	F77	2
w3af	F77	4
w3af	F77	5
w3af	F77	5
Hydra	F78	1
Hydra	F78	1
Hydra	F78	1
HydraStatic	F78	1
HydraStatic	F78	1
HydraStatic	F78	1
w3af	F78	4
w3af	F78	4
w3af	F78	5
Hydra	F79	1
Hydra	F79	1
Hydra	F79	1
HydraStatic	F79	1
HydraStatic	F79	1
HydraStatic	F79	1
w3af	F79	14
w3af	F79	15
w3af	F79	15
AppScan	F79	80
AppScan	F79	80
AppScan	F79	80
w3af	F80	14
w3af	F80	15
w3af	F80	15
AppScan	F80	88
AppScan	F80	88
AppScan	F80	88
Hydra	F81	1
Hydra	F81	1
Hydra	F81	1
HydraStatic	F81	1
HydraStatic	F81	1
HydraStatic	F81	1
w3af	F81	14
w3af	F81	14
w3af	F81	14
w3af	F84	5
w3af	F84	5
w3af	F84	5
AppScan	F84	69
AppScan	F84	69
AppScan	F84	69
w3af	F85	14
w3af	F85	15
w3af	F85	15
AppScan	F85	69
AppScan	F85	69
AppScan	F85	69
w3af	F86	15
w3af	F86	15
w3af	F86	15
AppScan	F86	69
AppScan	F86	69
AppScan	F86	69
w3af	F87	14
w3af	F87	14
w3af	F87	14
Hydra	F87	2
Hydra	F87	2
Hydra	F87	2
HydraStatic	F87	4
HydraStatic	F87	5
HydraStatic	F87	6
w3af	F88	15
w3af	F88	15
w3af	F88	15
Hydra	F88	6
Hydra	F88	7
Hydra	F89	2
Hydra	F89	2
Hydra	F89	2
HydraShort	F89	2
HydraShort	F89	2
HydraShort	F89	2
HydraStatic	F89	2
HydraStatic	F89	2
HydraStatic	F89	2
w3af	F89	4
w3af	F89	5
w3af	F89	5
Hydra	F90	2
Hydra	F90	2
Hydra	F90	2
HydraShort	F90	2
HydraShort	F90	2
HydraShort	F90	2
HydraStatic	F90	2
HydraStatic	F90	2
HydraStatic	F90	2
w3af	F90	4
w3af	F90	4
w3af	F90	4
HydraStatic	F91	2
HydraStatic	F91	2
HydraStatic	F91	2
Hydra	F91	290
w3af	F91	4
Hydra	F91	44
w3af	F91	5
w3af	F91	5
HydraShort	Juice	2
HydraShort	Juice	2
HydraShort	Juice	2
HydraStatic	Juice	2
HydraStatic	Juice	2
HydraStatic	Juice	2
Hydra	Mara	1
Hydra	Mara	1
Hydra	Mara	1
HydraStatic	Mara	1
HydraStatic	Mara	1
HydraStatic	Mara	1
w3af	Mara	10
w3af	Mara	10
w3af	Mara	10
HydraShort	Mara	2
HydraShort	Mara	2
HydraShort	Mara	2
AppScan	Mara	202
AppScan	Mara	202
AppScan	Mara	202
AppScan	MyBB	2
AppScan	MyBB	2
AppScan	MyBB	2
HydraShort	MyBB	2
HydraShort	MyBB	2
HydraShort	MyBB	2
HydraShort	Tailor	2
HydraShort	Tailor	2
HydraShort	Tailor	2
HydraStatic	Tailor	2
HydraStatic	Tailor	3
HydraStatic	Tailor	3
Hydra	Tailor	6
Hydra	Tailor	7
Hydra	Tailor	8
AppScan	Tailor	88
AppScan	Tailor	88
AppScan	Tailor	88
HydraStatic	TL01	1
HydraStatic	TL01	1
HydraStatic	TL01	1
Hydra	TL01	1
Hydra	TL01	1
Hydra	TL01	1
HydraShort	TL01	2
HydraShort	TL01	2
HydraShort	TL01	2
Hydra	TL02	124
HydraShort	TL02	2
HydraShort	TL02	2
HydraShort	TL02	2
HydraStatic	TL02	2
HydraStatic	TL02	3
HydraStatic	TL02	3
Hydra	TL02	307
Hydra	TL02	379
